{"lhs_partition": 0, "rhs_partition": 0, "index": 1, "stats": {"count": 11, "metrics": {"loss": 13.849777048284357, "reg": 0.001388971418650313, "violators_lhs": 524.1818181818181, "violators_rhs": 570.7272727272727}}, "epoch_idx": 0, "edge_path_idx": 0, "edge_chunk_idx": 0}
{"lhs_partition": 0, "rhs_partition": 0, "index": 2, "stats": {"count": 11, "metrics": {"loss": 13.854626135392623, "reg": 0.0010134138600816104, "violators_lhs": 475.27272727272725, "violators_rhs": 437.3636363636364}}, "epoch_idx": 1, "edge_path_idx": 0, "edge_chunk_idx": 0}
{"lhs_partition": 0, "rhs_partition": 0, "index": 3, "stats": {"count": 11, "metrics": {"loss": 13.779214945706455, "reg": 0.0012307896977290511, "violators_lhs": 344.90909090909093, "violators_rhs": 248.36363636363637}}, "epoch_idx": 2, "edge_path_idx": 0, "edge_chunk_idx": 0}
{"lhs_partition": 0, "rhs_partition": 0, "index": 4, "stats": {"count": 11, "metrics": {"loss": 13.706625678322531, "reg": 0.0014876308692195876, "violators_lhs": 201.1818181818182, "violators_rhs": 245.9090909090909}}, "epoch_idx": 3, "edge_path_idx": 0, "edge_chunk_idx": 0}
{"lhs_partition": 0, "rhs_partition": 0, "index": 5, "stats": {"count": 11, "metrics": {"loss": 13.602737079967152, "reg": 0.0019877357672984626, "violators_lhs": 295.3636363636364, "violators_rhs": 337.6363636363636}}, "epoch_idx": 4, "edge_path_idx": 0, "edge_chunk_idx": 0}
{"lhs_partition": 0, "rhs_partition": 0, "index": 6, "stats": {"count": 11, "metrics": {"loss": 13.498194521123713, "reg": 0.0026580683453093197, "violators_lhs": 182.45454545454547, "violators_rhs": 255.1818181818182}}, "epoch_idx": 5, "edge_path_idx": 0, "edge_chunk_idx": 0}
{"lhs_partition": 0, "rhs_partition": 0, "index": 7, "stats": {"count": 11, "metrics": {"loss": 13.354123809120871, "reg": 0.003268635937605392, "violators_lhs": 197.8181818181818, "violators_rhs": 225.45454545454547}}, "epoch_idx": 6, "edge_path_idx": 0, "edge_chunk_idx": 0}
